{
  "timestamp": 1759212484.3556564,
  "config": {
    "vocab_size": 50000,
    "batch_size": 8,
    "max_batch_size": 16,
    "num_iterations": 100,
    "num_operations": 10000,
    "use_half_precision": false,
    "batch_timeout_ms": 100
  },
  "system_info": {
    "torch_version": "2.8.0+cu128",
    "cuda_available": false,
    "cuda_device_count": 0
  },
  "sampling_strategies": {
    "nucleus": {
      "avg_time": 0.05051868915557861,
      "std_time": 0.00028398408687971467,
      "min_time": 0.050140380859375,
      "max_time": 0.05206894874572754,
      "tokens_per_second": 158.3572363756906
    },
    "top_k": {
      "avg_time": 0.0008222174644470215,
      "std_time": 0.0001241826080751021,
      "min_time": 0.0007805824279785156,
      "max_time": 0.002041339874267578,
      "tokens_per_second": 9729.78603097462
    },
    "hybrid": {
      "avg_time": 0.0008726096153259277,
      "std_time": 3.196168892994718e-05,
      "min_time": 0.0008385181427001953,
      "max_time": 0.0010883808135986328,
      "tokens_per_second": 9167.902644542744
    }
  },
  "cache_performance": {
    "config_1": {
      "cache_config": {
        "max_size": 1000,
        "max_memory_mb": 10
      },
      "put_time": 0.08131766319274902,
      "get_time": 0.7214198112487793,
      "put_ops_per_second": 122974.51263813107,
      "get_ops_per_second": 13861.554457022712,
      "hit_rate": 0.1,
      "final_size": 1000,
      "memory_usage_mb": 0.0247955322265625
    },
    "config_2": {
      "cache_config": {
        "max_size": 10000,
        "max_memory_mb": 100
      },
      "put_time": 0.07911968231201172,
      "get_time": 7.591654539108276,
      "put_ops_per_second": 126390.80071839254,
      "get_ops_per_second": 1317.2359132630672,
      "hit_rate": 1.0,
      "final_size": 10000,
      "memory_usage_mb": 0.24689674377441406
    },
    "config_3": {
      "cache_config": {
        "max_size": 100000,
        "max_memory_mb": 1000
      },
      "put_time": 0.07851791381835938,
      "get_time": 7.5773890018463135,
      "put_ops_per_second": 127359.47140844386,
      "get_ops_per_second": 1319.7158015199418,
      "hit_rate": 1.0,
      "final_size": 10000,
      "memory_usage_mb": 0.24689674377441406
    }
  },
  "batch_processing": {
    "batch_size_1": {
      "batch_size": 1,
      "avg_time": 0.015853619575500487,
      "std_time": 0.04747352102250564,
      "total_tokens": 10,
      "tokens_per_second": 630.7707809170328,
      "requests_per_second": 63.07707809170328
    },
    "batch_size_2": {
      "batch_size": 2,
      "avg_time": 0.045555734634399415,
      "std_time": 0.13647941446040432,
      "total_tokens": 70,
      "tokens_per_second": 1536.5793255618485,
      "requests_per_second": 43.902266444624246
    },
    "batch_size_4": {
      "batch_size": 4,
      "avg_time": 0.08324604034423828,
      "std_time": 0.24943246994284002,
      "total_tokens": 110,
      "tokens_per_second": 1321.3841708882367,
      "requests_per_second": 48.05033348684497
    },
    "batch_size_8": {
      "batch_size": 8,
      "avg_time": 0.14773409366607665,
      "std_time": 0.4426892051002374,
      "total_tokens": 220,
      "tokens_per_second": 1489.1620108846776,
      "requests_per_second": 54.15134585035191
    },
    "batch_size_16": {
      "batch_size": 16,
      "avg_time": 0.2831449270248413,
      "std_time": 0.8485546990498498,
      "total_tokens": 390,
      "tokens_per_second": 1377.386499902871,
      "requests_per_second": 56.50816409857933
    }
  },
  "memory_usage": {
    "model_1": {
      "model_config": {
        "vocab_size": 10000,
        "hidden_size": 1024
      },
      "initial_memory_mb": 0.0,
      "setup_memory_mb": 0.0,
      "peak_memory_mb": 0.0,
      "memory_stats": {
        "cpu_memory_mb": 0,
        "gpu_memory_mb": 0
      }
    },
    "model_2": {
      "model_config": {
        "vocab_size": 30000,
        "hidden_size": 2048
      },
      "initial_memory_mb": 0.0,
      "setup_memory_mb": 0.0,
      "peak_memory_mb": 0.0,
      "memory_stats": {
        "cpu_memory_mb": 0,
        "gpu_memory_mb": 0
      }
    },
    "model_3": {
      "model_config": {
        "vocab_size": 50000,
        "hidden_size": 4096
      },
      "initial_memory_mb": 0.0,
      "setup_memory_mb": 0.0,
      "peak_memory_mb": 0.0,
      "memory_stats": {
        "cpu_memory_mb": 0,
        "gpu_memory_mb": 0
      }
    }
  }
}